#,Name,Type1,Type2,Total,HP,Attack,Defense,Sp.Atk,Sp.Def,Speed
1,Bulbasaur,GRASS,POISON,318,45,49,49,65,65,45
2,Ivysaur,GRASS,POISON,405,60,62,63,80,80,60
3,Venusaur,GRASS,POISON,525,80,82,83,100,100,80
4,Charmander,FIRE,,309,39,52,43,60,50,65
5,Charmeleon,FIRE,,405,58,64,58,80,65,80
6,Charizard,FIRE,FLYING,534,78,84,78,109,85,100
7,Squirtle,WATER,,314,44,48,65,50,64,43
8,Wartortle,WATER,,405,59,63,80,65,80,58
9,Blastoise,WATER,,530,79,83,100,85,105,78
10,Caterpie,BUG,,195,45,30,35,20,20,45
11,Metapod,BUG,,205,50,20,55,25,25,30
12,Butterfree,BUG,FLYING,395,60,45,50,90,80,70
13,Weedle,BUG,POISON,195,40,35,30,20,20,50
14,Kakuna,BUG,POISON,205,45,25,50,25,25,35
15,Beedrill,BUG,POISON,395,65,90,40,45,80,75
16,Pidgey,NORMAL,FLYING,251,40,45,40,35,35,56
17,Pidgeotto,NORMAL,FLYING,349,63,60,55,50,50,71
18,Pidgeot,NORMAL,FLYING,479,83,80,75,70,70,101
19,Rattata,NORMAL,,253,30,56,35,25,35,72
20,Raticate,NORMAL,,413,55,81,60,50,70,97
21,Spearow,NORMAL,FLYING,262,40,60,30,31,31,70
22,Fearow,NORMAL,FLYING,442,65,90,65,61,61,100
23,Ekans,POISON,,288,35,60,44,40,54,55
24,Arbok,POISON,,448,60,95,69,65,79,80
25,Pikachu,ELECTRIC,,320,35,55,40,50,50,90
26,Raichu,ELECTRIC,,485,60,90,55,90,80,110
27,Sandshrew,GROUND,,300,50,75,85,20,30,40
28,Sandslash,GROUND,,450,75,100,110,45,55,65
29,Nidoran,POISON,,275,55,47,52,40,40,41
30,Nidorina,POISON,,365,70,62,67,55,55,56
31,Nidoqueen,POISON,GROUND,505,90,92,87,75,85,76
32,Nidorano,POISON,,273,46,57,40,40,40,50
33,Nidorino,POISON,,365,61,72,57,55,55,65
34,Nidoking,POISON,GROUND,505,81,102,77,85,75,85
35,Clefairy,FAIRY,,323,70,45,48,60,65,35
36,Clefable,FAIRY,,483,95,70,73,95,90,60
37,Vulpix,FIRE,,299,38,41,40,50,65,65
38,Ninetales,FIRE,,505,73,76,75,81,100,100
39,Jigglypuff,NORMAL,FAIRY,270,115,45,20,45,25,20
40,Wigglytuff,NORMAL,FAIRY,435,140,70,45,85,50,45
41,Zubat,POISON,FLYING,245,40,45,35,30,40,55
42,Golbat,POISON,FLYING,455,75,80,70,65,75,90
43,Oddish,GRASS,POISON,320,45,50,55,75,65,30
44,Gloom,GRASS,POISON,395,60,65,70,85,75,40
45,Vileplume,GRASS,POISON,490,75,80,85,110,90,50
46,Paras,BUG,GRASS,285,35,70,55,45,55,25
47,Parasect,BUG,GRASS,405,60,95,80,60,80,30
48,Venonat,BUG,POISON,305,60,55,50,40,55,45
49,Venomoth,BUG,POISON,450,70,65,60,90,75,90
50,Diglett,GROUND,,265,10,55,25,35,45,95
51,Dugtrio,GROUND,,425,35,100,50,50,70,120
52,Meowth,NORMAL,,290,40,45,35,40,40,90
53,Persian,NORMAL,,440,65,70,60,65,65,115
54,Psyduck,WATER,,320,50,52,48,65,50,55
55,Golduck,WATER,,500,80,82,78,95,80,85
56,Mankey,FIGHTING,,305,40,80,35,35,45,70
57,Primeape,FIGHTING,,455,65,105,60,60,70,95
58,Growlithe,FIRE,,350,55,70,45,70,50,60
59,Arcanine,FIRE,,555,90,110,80,100,80,95
60,Poliwag,WATER,,300,40,50,40,40,40,90
61,Poliwhirl,WATER,,385,65,65,65,50,50,90
62,Poliwrath,WATER,FIGHTING,510,90,95,95,70,90,70
63,Abra,PSYCHIC,,310,25,20,15,105,55,90
64,Kadabra,PSYCHIC,,400,40,35,30,120,70,105
65,Alakazam,PSYCHIC,,500,55,50,45,135,95,120
66,Machop,FIGHTING,,305,70,80,50,35,35,35
67,Machoke,FIGHTING,,405,80,100,70,50,60,45
68,Machamp,FIGHTING,,505,90,130,80,65,85,55
69,Bellsprout,GRASS,POISON,300,50,75,35,70,30,40
70,Weepinbell,GRASS,POISON,390,65,90,50,85,45,55
71,Victreebel,GRASS,POISON,490,80,105,65,100,70,70
72,Tentacool,WATER,POISON,335,40,40,35,50,100,70
73,Tentacruel,WATER,POISON,515,80,70,65,80,120,100
74,Geodude,ROCK,GROUND,300,40,80,100,30,30,20
75,Graveler,ROCK,GROUND,390,55,95,115,45,45,35
76,Golem,ROCK,GROUND,495,80,120,130,55,65,45
77,Ponyta,FIRE,,410,50,85,55,65,65,90
78,Rapidash,FIRE,,500,65,100,70,80,80,105
79,Slowpoke,WATER,PSYCHIC,315,90,65,65,40,40,15
80,Slowbro,WATER,PSYCHIC,490,95,75,110,100,80,30
81,Magnemite,ELECTRIC,STEEL,325,25,35,70,95,55,45
82,Magneton,ELECTRIC,STEEL,465,50,60,95,120,70,70
83,Farfetch'd,NORMAL,FLYING,377,52,90,55,58,62,60
84,Doduo,NORMAL,FLYING,310,35,85,45,35,35,75
85,Dodrio,NORMAL,FLYING,470,60,110,70,60,60,110
86,Seel,WATER,,325,65,45,55,45,70,45
87,Dewgong,WATER,ICE,475,90,70,80,70,95,70
88,Grimer,POISON,,325,80,80,50,40,50,25
89,Muk,POISON,,500,105,105,75,65,100,50
90,Shellder,WATER,,305,30,65,100,45,25,40
91,Cloyster,WATER,ICE,525,50,95,180,85,45,70
92,Gastly,GHOST,POISON,310,30,35,30,100,35,80
93,Haunter,GHOST,POISON,405,45,50,45,115,55,95
94,Gengar,GHOST,POISON,500,60,65,60,130,75,110
95,Onix,ROCK,GROUND,385,35,45,160,30,45,70
96,Drowzee,PSYCHIC,,328,60,48,45,43,90,42
97,Hypno,PSYCHIC,,483,85,73,70,73,115,67
98,Krabby,WATER,,325,30,105,90,25,25,50
99,Kingler,WATER,,475,55,130,115,50,50,75
100,Voltorb,ELECTRIC,,330,40,30,50,55,55,100
101,Electrode,ELECTRIC,,490,60,50,70,80,80,150
102,Exeggcute,GRASS,PSYCHIC,325,60,40,80,60,45,40
103,Exeggutor,GRASS,PSYCHIC,530,95,95,85,125,75,55
104,Cubone,GROUND,,320,50,50,95,40,50,35
105,Marowak,GROUND,,425,60,80,110,50,80,45
106,Hitmonlee,FIGHTING,,455,50,120,53,35,110,87
107,Hitmonchan,FIGHTING,,455,50,105,79,35,110,76
108,Lickitung,NORMAL,,385,90,55,75,60,75,30
109,Koffing,POISON,,340,40,65,95,60,45,35
110,Weezing,POISON,,490,65,90,120,85,70,60
111,Rhyhorn,GROUND,ROCK,345,80,85,95,30,30,25
112,Rhydon,GROUND,ROCK,485,105,130,120,45,45,40
113,Chansey,NORMAL,,450,250,5,5,35,105,50
114,Tangela,GRASS,,435,65,55,115,100,40,60
115,Kangaskhan,NORMAL,,490,105,95,80,40,80,90
116,Horsea,WATER,,295,30,40,70,70,25,60
117,Seadra,WATER,,440,55,65,95,95,45,85
118,Goldeen,WATER,,320,45,67,60,35,50,63
119,Seaking,WATER,,450,80,92,65,65,80,68
120,Staryu,WATER,,340,30,45,55,70,55,85
121,Starmie,WATER,PSYCHIC,520,60,75,85,100,85,115
122,Mr. Mime,PSYCHIC,FAIRY,460,40,45,65,100,120,90
123,Scyther,BUG,FLYING,500,70,110,80,55,80,105
124,Jynx,ICE,PSYCHIC,455,65,50,35,115,95,95
125,Electabuzz,ELECTRIC,,490,65,83,57,95,85,105
126,Magmar,FIRE,,495,65,95,57,100,85,93
127,Pinsir,BUG,,500,65,125,100,55,70,85
128,Tauros,NORMAL,,490,75,100,95,40,70,110
129,Magikarp,WATER,,200,20,10,55,15,20,80
130,Gyarados,WATER,FLYING,540,95,125,79,60,100,81
131,Lapras,WATER,ICE,535,130,85,80,85,95,60
132,Ditto,NORMAL,,288,48,48,48,48,48,48
133,Eevee,NORMAL,,325,55,55,50,45,65,55
134,Vaporeon,WATER,,525,130,65,60,110,95,65
135,Jolteon,ELECTRIC,,525,65,65,60,110,95,130
136,Flareon,FIRE,,525,65,130,60,95,110,65
137,Porygon,NORMAL,,395,65,60,70,85,75,40
138,Omanyte,ROCK,WATER,355,35,40,100,90,55,35
139,Omastar,ROCK,WATER,495,70,60,125,115,70,55
140,Kabuto,ROCK,WATER,355,30,80,90,55,45,55
141,Kabutops,ROCK,WATER,495,60,115,105,65,70,80
142,Aerodactyl,ROCK,FLYING,515,80,105,65,60,75,130
143,Snorlax,NORMAL,,540,160,110,65,65,110,30
144,Articuno,ICE,FLYING,580,90,85,100,95,125,85
145,Zapdos,ELECTRIC,FLYING,580,90,90,85,125,90,100
146,Moltres,FIRE,FLYING,580,90,100,90,125,85,90
147,Dratini,DRAGON,,300,41,64,45,50,50,50
148,Dragonair,DRAGON,,420,61,84,65,70,70,70
149,Dragonite,DRAGON,FLYING,600,91,134,95,100,100,80
150,Mewtwo,PSYCHIC,,680,106,110,90,154,90,130
151,Mew,PSYCHIC,,600,100,100,100,100,100,100
152,Chikorita,GRASS,,318,45,49,65,49,65,45
153,Bayleef,GRASS,,405,60,62,80,63,80,60
154,Meganium,GRASS,,525,80,82,100,83,100,80
155,Cyndaquil,FIRE,,309,39,52,43,60,50,65
156,Quilava,FIRE,,405,58,64,58,80,65,80
157,Typhlosion,FIRE,,534,78,84,78,109,85,100
158,Totodile,WATER,,314,50,65,64,44,48,43
159,Croconaw,WATER,,405,65,80,80,59,63,58
160,Feraligatr,WATER,,530,85,105,100,79,83,78
161,Sentret,NORMAL,,215,35,46,34,35,45,20
162,Furret,NORMAL,,415,85,76,64,45,55,90
163,Hoothoot,NORMAL,FLYING,262,60,30,30,36,56,50
164,Noctowl,NORMAL,FLYING,452,100,50,50,86,96,70
165,Ledyba,BUG,FLYING,265,40,20,30,40,80,55
166,Ledian,BUG,FLYING,390,55,35,50,55,110,85
167,Spinarak,BUG,POISON,250,40,60,40,40,40,30
168,Ariados,BUG,POISON,400,70,90,70,60,70,40
169,Crobat,POISON,FLYING,535,85,90,80,70,80,130
170,Chinchou,WATER,ELECTRIC,330,75,38,38,56,56,67
171,Lanturn,WATER,ELECTRIC,460,125,58,58,76,76,67
172,Pichu,ELECTRIC,,205,20,40,15,35,35,60
173,Cleffa,FAIRY,,218,50,25,28,45,55,15
174,Igglybuff,NORMAL,FAIRY,210,90,30,15,40,20,15
175,Togepi,FAIRY,,245,35,20,65,40,65,20
176,Togetic,FAIRY,FLYING,405,55,40,85,80,105,40
177,Natu,PSYCHIC,FLYING,320,40,50,45,70,45,70
178,Xatu,PSYCHIC,FLYING,470,65,75,70,95,70,95
179,Mareep,ELECTRIC,,280,55,40,40,65,45,35
180,Flaaffy,ELECTRIC,,365,70,55,55,80,60,45
181,Ampharos,ELECTRIC,,510,90,75,85,115,90,55
182,Bellossom,GRASS,,490,75,80,95,90,100,50
183,Marill,WATER,FAIRY,250,70,20,50,20,50,40
184,Azumarill,WATER,FAIRY,420,100,50,80,60,80,50
185,Sudowoodo,ROCK,,410,70,100,115,30,65,30
186,Politoed,WATER,,500,90,75,75,90,100,70
187,Hoppip,GRASS,FLYING,250,35,35,40,35,55,50
188,Skiploom,GRASS,FLYING,340,55,45,50,45,65,80
189,Jumpluff,GRASS,FLYING,460,75,55,70,55,95,110
190,Aipom,NORMAL,,360,55,70,55,40,55,85
191,Sunkern,GRASS,,180,30,30,30,30,30,30
192,Sunflora,GRASS,,425,75,75,55,105,85,30
193,Yanma,BUG,FLYING,390,65,65,45,75,45,95
194,Wooper,WATER,GROUND,210,55,45,45,25,25,15
195,Quagsire,WATER,GROUND,430,95,85,85,65,65,35
196,Espeon,PSYCHIC,,525,65,65,60,130,95,110
197,Umbreon,DARK,,525,95,65,110,60,130,65
198,Murkrow,DARK,FLYING,405,60,85,42,85,42,91
199,Slowking,WATER,PSYCHIC,490,95,75,80,100,110,30
200,Misdreavus,GHOST,,435,60,60,60,85,85,85
201,Unown,PSYCHIC,,336,48,72,48,72,48,48
202,Wobbuffet,PSYCHIC,,405,190,33,58,33,58,33
203,Girafarig,NORMAL,PSYCHIC,455,70,80,65,90,65,85
204,Pineco,BUG,,290,50,65,90,35,35,15
205,Forretress,BUG,STEEL,465,75,90,140,60,60,40
206,Dunsparce,NORMAL,,415,100,70,70,65,65,45
207,Gligar,GROUND,FLYING,430,65,75,105,35,65,85
208,Steelix,STEEL,GROUND,510,75,85,200,55,65,30
209,Snubbull,FAIRY,,300,60,80,50,40,40,30
210,Granbull,FAIRY,,450,90,120,75,60,60,45
211,Qwilfish,WATER,POISON,440,65,95,85,55,55,85
212,Scizor,BUG,STEEL,500,70,130,100,55,80,65
213,Shuckle,BUG,ROCK,505,20,10,230,10,230,5
214,Heracross,BUG,FIGHTING,500,80,125,75,40,95,85
215,Sneasel,DARK,ICE,430,55,95,55,35,75,115
216,Teddiursa,NORMAL,,330,60,80,50,50,50,40
217,Ursaring,NORMAL,,500,90,130,75,75,75,55
218,Slugma,FIRE,,250,40,40,40,70,40,20
219,Magcargo,FIRE,ROCK,430,60,50,120,90,80,30
220,Swinub,ICE,GROUND,250,50,50,40,30,30,50
221,Piloswine,ICE,GROUND,450,100,100,80,60,60,50
222,Corsola,WATER,ROCK,410,65,55,95,65,95,35
223,Remoraid,WATER,,300,35,65,35,65,35,65
224,Octillery,WATER,,480,75,105,75,105,75,45
225,Delibird,ICE,FLYING,330,45,55,45,65,45,75
226,Mantine,WATER,FLYING,485,85,40,70,80,140,70
227,Skarmory,STEEL,FLYING,465,65,80,140,40,70,70
228,Houndour,DARK,FIRE,330,45,60,30,80,50,65
229,Houndoom,DARK,FIRE,500,75,90,50,110,80,95
230,Kingdra,WATER,DRAGON,540,75,95,95,95,95,85
231,Phanpy,GROUND,,330,90,60,60,40,40,40
232,Donphan,GROUND,,500,90,120,120,60,60,50
233,Porygon2,NORMAL,,515,85,80,90,105,95,60
234,Stantler,NORMAL,,465,73,95,62,85,65,85
235,Smeargle,NORMAL,,250,55,20,35,20,45,75
236,Tyrogue,FIGHTING,,210,35,35,35,35,35,35
237,Hitmontop,FIGHTING,,455,50,95,95,35,110,70
238,Smoochum,ICE,PSYCHIC,305,45,30,15,85,65,65
239,Elekid,ELECTRIC,,360,45,63,37,65,55,95
240,Magby,FIRE,,365,45,75,37,70,55,83
241,Miltank,NORMAL,,490,95,80,105,40,70,100
242,Blissey,NORMAL,,540,255,10,10,75,135,55
243,Raikou,ELECTRIC,,580,90,85,75,115,100,115
244,Entei,FIRE,,580,115,115,85,90,75,100
245,Suicune,WATER,,580,100,75,115,90,115,85
246,Larvitar,ROCK,GROUND,300,50,64,50,45,50,41
247,Pupitar,ROCK,GROUND,410,70,84,70,65,70,51
248,Tyranitar,ROCK,DARK,600,100,134,110,95,100,61
249,Lugia,PSYCHIC,FLYING,680,106,90,130,90,154,110
250,Ho-oh,FIRE,FLYING,680,106,130,90,110,154,90
251,Celebi,PSYCHIC,GRASS,600,100,100,100,100,100,100
252,Treecko,GRASS,,310,40,45,35,65,55,70
253,Grovyle,GRASS,,405,50,65,45,85,65,95
254,Sceptile,GRASS,,530,70,85,65,105,85,120
255,Torchic,FIRE,,310,45,60,40,70,50,45
256,Combusken,FIRE,FIGHTING,405,60,85,60,85,60,55
257,Blaziken,FIRE,FIGHTING,530,80,120,70,110,70,80
258,Mudkip,WATER,,310,50,70,50,50,50,40
259,Marshtomp,WATER,GROUND,405,70,85,70,60,70,50
260,Swampert,WATER,GROUND,535,100,110,90,85,90,60
261,Poochyena,DARK,,220,35,55,35,30,30,35
262,Mightyena,DARK,,420,70,90,70,60,60,70
263,Zigzagoon,NORMAL,,240,38,30,41,30,41,60
264,Linoone,NORMAL,,420,78,70,61,50,61,100
265,Wurmple,BUG,,195,45,45,35,20,30,20
266,Silcoon,BUG,,205,50,35,55,25,25,15
267,Beautifly,BUG,FLYING,395,60,70,50,100,50,65
268,Cascoon,BUG,,205,50,35,55,25,25,15
269,Dustox,BUG,POISON,385,60,50,70,50,90,65
270,Lotad,WATER,GRASS,220,40,30,30,40,50,30
271,Lombre,WATER,GRASS,340,60,50,50,60,70,50
272,Ludicolo,WATER,GRASS,480,80,70,70,90,100,70
273,Seedot,GRASS,,220,40,40,50,30,30,30
274,Nuzleaf,GRASS,DARK,340,70,70,40,60,40,60
275,Shiftry,GRASS,DARK,480,90,100,60,90,60,80
276,Taillow,NORMAL,FLYING,270,40,55,30,30,30,85
277,Swellow,NORMAL,FLYING,455,60,85,60,75,50,125
278,Wingull,WATER,FLYING,270,40,30,30,55,30,85
279,Pelipper,WATER,FLYING,440,60,50,100,95,70,65
280,Ralts,PSYCHIC,FAIRY,198,28,25,25,45,35,40
281,Kirlia,PSYCHIC,FAIRY,278,38,35,35,65,55,50
282,Gardevoir,PSYCHIC,FAIRY,518,68,65,65,125,115,80
283,Surskit,BUG,WATER,269,40,30,32,50,52,65
284,Masquerain,BUG,FLYING,454,70,60,62,100,82,80
285,Shroomish,GRASS,,295,60,40,60,40,60,35
286,Breloom,GRASS,FIGHTING,460,60,130,80,60,60,70
287,Slakoth,NORMAL,,280,60,60,60,35,35,30
288,Vigoroth,NORMAL,,440,80,80,80,55,55,90
289,Slaking,NORMAL,,670,150,160,100,95,65,100
290,Nincada,BUG,GROUND,266,31,45,90,30,30,40
291,Ninjask,BUG,FLYING,456,61,90,45,50,50,160
292,Shedinja,BUG,GHOST,236,1,90,45,30,30,40
293,Whismur,NORMAL,,240,64,51,23,51,23,28
294,Loudred,NORMAL,,360,84,71,43,71,43,48
295,Exploud,NORMAL,,490,104,91,63,91,73,68
296,Makuhita,FIGHTING,,237,72,60,30,20,30,25
297,Hariyama,FIGHTING,,474,144,120,60,40,60,50
298,Azurill,NORMAL,FAIRY,190,50,20,40,20,40,20
299,Nosepass,ROCK,,375,30,45,135,45,90,30
300,Skitty,NORMAL,,260,50,45,45,35,35,50
301,Delcatty,NORMAL,,400,70,65,65,55,55,90
302,Sableye,DARK,GHOST,380,50,75,75,65,65,50
303,Mawile,STEEL,FAIRY,380,50,85,85,55,55,50
304,Aron,STEEL,ROCK,330,50,70,100,40,40,30
305,Lairon,STEEL,ROCK,430,60,90,140,50,50,40
306,Aggron,STEEL,ROCK,530,70,110,180,60,60,50
307,Meditite,FIGHTING,PSYCHIC,280,30,40,55,40,55,60
308,Medicham,FIGHTING,PSYCHIC,410,60,60,75,60,75,80
309,Electrike,ELECTRIC,,295,40,45,40,65,40,65
310,Manectric,ELECTRIC,,475,70,75,60,105,60,105
311,Plusle,ELECTRIC,,405,60,50,40,85,75,95
312,Minun,ELECTRIC,,405,60,40,50,75,85,95
313,Volbeat,BUG,,430,65,73,75,47,85,85
314,Illumise,BUG,,430,65,47,75,73,85,85
315,Roselia,GRASS,POISON,400,50,60,45,100,80,65
316,Gulpin,POISON,,302,70,43,53,43,53,40
317,Swalot,POISON,,467,100,73,83,73,83,55
318,Carvanha,WATER,DARK,305,45,90,20,65,20,65
319,Sharpedo,WATER,DARK,460,70,120,40,95,40,95
320,Wailmer,WATER,,400,130,70,35,70,35,60
321,Wailord,WATER,,500,170,90,45,90,45,60
322,Numel,FIRE,GROUND,305,60,60,40,65,45,35
323,Camerupt,FIRE,GROUND,460,70,100,70,105,75,40
324,Torkoal,FIRE,,470,70,85,140,85,70,20
325,Spoink,PSYCHIC,,330,60,25,35,70,80,60
326,Grumpig,PSYCHIC,,470,80,45,65,90,110,80
327,Spinda,NORMAL,,360,60,60,60,60,60,60
328,Trapinch,GROUND,,290,45,100,45,45,45,10
329,Vibrava,GROUND,DRAGON,340,50,70,50,50,50,70
330,Flygon,GROUND,DRAGON,520,80,100,80,80,80,100
331,Cacnea,GRASS,,335,50,85,40,85,40,35
332,Cacturne,GRASS,DARK,475,70,115,60,115,60,55
333,Swablu,NORMAL,FLYING,310,45,40,60,40,75,50
334,Altaria,DRAGON,FLYING,490,75,70,90,70,105,80
335,Zangoose,NORMAL,,458,73,115,60,60,60,90
336,Seviper,POISON,,458,73,100,60,100,60,65
337,Lunatone,ROCK,PSYCHIC,460,90,55,65,95,85,70
338,Solrock,ROCK,PSYCHIC,460,90,95,85,55,65,70
339,Barboach,WATER,GROUND,288,50,48,43,46,41,60
340,Whiscash,WATER,GROUND,468,110,78,73,76,71,60
341,Corphish,WATER,,308,43,80,65,50,35,35
342,Crawdaunt,WATER,DARK,468,63,120,85,90,55,55
343,Baltoy,GROUND,PSYCHIC,300,40,40,55,40,70,55
344,Claydol,GROUND,PSYCHIC,500,60,70,105,70,120,75
345,Lileep,ROCK,GRASS,355,66,41,77,61,87,23
346,Cradily,ROCK,GRASS,495,86,81,97,81,107,43
347,Anorith,ROCK,BUG,355,45,95,50,40,50,75
348,Armaldo,ROCK,BUG,495,75,125,100,70,80,45
349,Feebas,WATER,,200,20,15,20,10,55,80
350,Milotic,WATER,,540,95,60,79,100,125,81
351,Castform,NORMAL,,420,70,70,70,70,70,70
352,Kecleon,NORMAL,,440,60,90,70,60,120,40
353,Shuppet,GHOST,,295,44,75,35,63,33,45
354,Banette,GHOST,,455,64,115,65,83,63,65
355,Duskull,GHOST,,295,20,40,90,30,90,25
356,Dusclops,GHOST,,455,40,70,130,60,130,25
357,Tropius,GRASS,FLYING,460,99,68,83,72,87,51
358,Chimecho,PSYCHIC,,455,75,50,80,95,90,65
359,Absol,DARK,,465,65,130,60,75,60,75
360,Wynaut,PSYCHIC,,260,95,23,48,23,48,23
361,Snorunt,ICE,,300,50,50,50,50,50,50
362,Glalie,ICE,,480,80,80,80,80,80,80
363,Spheal,ICE,WATER,290,70,40,50,55,50,25
364,Sealeo,ICE,WATER,410,90,60,70,75,70,45
365,Walrein,ICE,WATER,530,110,80,90,95,90,65
366,Clamperl,WATER,,345,35,64,85,74,55,32
367,Huntail,WATER,,485,55,104,105,94,75,52
368,Gorebyss,WATER,,485,55,84,105,114,75,52
369,Relicanth,WATER,ROCK,485,100,90,130,45,65,55
370,Luvdisc,WATER,,330,43,30,55,40,65,97
371,Bagon,DRAGON,,300,45,75,60,40,30,50
372,Shelgon,DRAGON,,420,65,95,100,60,50,50
373,Salamence,DRAGON,FLYING,600,95,135,80,110,80,100
374,Beldum,STEEL,PSYCHIC,300,40,55,80,35,60,30
375,Metang,STEEL,PSYCHIC,420,60,75,100,55,80,50
376,Metagross,STEEL,PSYCHIC,600,80,135,130,95,90,70
377,Regirock,ROCK,,580,80,100,200,50,100,50
378,Regice,ICE,,580,80,50,100,100,200,50
379,Registeel,STEEL,,580,80,75,150,75,150,50
380,Latias,DRAGON,PSYCHIC,600,80,80,90,110,130,110
381,Latios,DRAGON,PSYCHIC,600,80,90,80,130,110,110
382,Kyogre,WATER,,670,100,100,90,150,140,90
383,Groudon,GROUND,,670,100,150,140,100,90,90
384,Rayquaza,DRAGON,FLYING,680,105,150,90,150,90,95
385,Jirachi,STEEL,PSYCHIC,600,100,100,100,100,100,100
386,Deoxys,PSYCHIC,,600,50,150,50,150,50,150
387,Turtwig,GRASS,,318,55,68,64,45,55,31
388,Grotle,GRASS,,405,75,89,85,55,65,36
389,Torterra,GRASS,GROUND,525,95,109,105,75,85,56
390,Chimchar,FIRE,,309,44,58,44,58,44,61
391,Monferno,FIRE,FIGHTING,405,64,78,52,78,52,81
392,Infernape,FIRE,FIGHTING,534,76,104,71,104,71,108
393,Piplup,WATER,,314,53,51,53,61,56,40
394,Prinplup,WATER,,405,64,66,68,81,76,50
395,Empoleon,WATER,STEEL,530,84,86,88,111,101,60
396,Starly,NORMAL,FLYING,245,40,55,30,30,30,60
397,Staravia,NORMAL,FLYING,340,55,75,50,40,40,80
398,Staraptor,NORMAL,FLYING,485,85,120,70,50,60,100
399,Bidoof,NORMAL,,250,59,45,40,35,40,31
400,Bibarel,NORMAL,WATER,410,79,85,60,55,60,71
401,Kricketot,BUG,,194,37,25,41,25,41,25
402,Kricketune,BUG,,384,77,85,51,55,51,65
403,Shinx,ELECTRIC,,263,45,65,34,40,34,45
404,Luxio,ELECTRIC,,363,60,85,49,60,49,60
405,Luxray,ELECTRIC,,523,80,120,79,95,79,70
406,Budew,GRASS,POISON,280,40,30,35,50,70,55
407,Roserade,GRASS,POISON,515,60,70,65,125,105,90
408,Cranidos,ROCK,,350,67,125,40,30,30,58
409,Rampardos,ROCK,,495,97,165,60,65,50,58
410,Shieldon,ROCK,STEEL,350,30,42,118,42,88,30
411,Bastiodon,ROCK,STEEL,495,60,52,168,47,138,30
412,Burmy,BUG,,224,40,29,45,29,45,36
413,Wormadam,BUG,GRASS,424,60,59,85,79,105,36
414,Mothim,BUG,FLYING,424,70,94,50,94,50,66
415,Combee,BUG,FLYING,244,30,30,42,30,42,70
416,Vespiquen,BUG,FLYING,474,70,80,102,80,102,40
417,Pachirisu,ELECTRIC,,405,60,45,70,45,90,95
418,Buizel,WATER,,330,55,65,35,60,30,85
419,Floatzel,WATER,,495,85,105,55,85,50,115
420,Cherubi,GRASS,,275,45,35,45,62,53,35
421,Cherrim,GRASS,,450,70,60,70,87,78,85
422,Shellos,WATER,,325,76,48,48,57,62,34
423,Gastrodon,WATER,GROUND,475,111,83,68,92,82,39
424,Ambipom,NORMAL,,482,75,100,66,60,66,115
425,Drifloon,GHOST,FLYING,348,90,50,34,60,44,70
426,Drifblim,GHOST,FLYING,498,150,80,44,90,54,80
427,Buneary,NORMAL,,350,55,66,44,44,56,85
428,Lopunny,NORMAL,,480,65,76,84,54,96,105
429,Mismagius,GHOST,,495,60,60,60,105,105,105
430,Honchkrow,DARK,FLYING,505,100,125,52,105,52,71
431,Glameow,NORMAL,,310,49,55,42,42,37,85
432,Purugly,NORMAL,,452,71,82,64,64,59,112
433,Chingling,PSYCHIC,,285,45,30,50,65,50,45
434,Stunky,POISON,DARK,329,63,63,47,41,41,74
435,Skuntank,POISON,DARK,479,103,93,67,71,61,84
436,Bronzor,STEEL,PSYCHIC,300,57,24,86,24,86,23
437,Bronzong,STEEL,PSYCHIC,500,67,89,116,79,116,33
438,Bonsly,ROCK,,290,50,80,95,10,45,10
439,Mime Jr.,PSYCHIC,FAIRY,310,20,25,45,70,90,60
440,Happiny,NORMAL,,220,100,5,5,15,65,30
441,Chatot,NORMAL,FLYING,411,76,65,45,92,42,91
442,Spiritomb,GHOST,DARK,485,50,92,108,92,108,35
443,Gible,DRAGON,GROUND,300,58,70,45,40,45,42
444,Gabite,DRAGON,GROUND,410,68,90,65,50,55,82
445,Garchomp,DRAGON,GROUND,600,108,130,95,80,85,102
446,Munchlax,NORMAL,,390,135,85,40,40,85,5
447,Riolu,FIGHTING,,285,40,70,40,35,40,60
448,Lucario,FIGHTING,STEEL,525,70,110,70,115,70,90
449,Hippopotas,GROUND,,330,68,72,78,38,42,32
450,Hippowdon,GROUND,,525,108,112,118,68,72,47
451,Skorupi,POISON,BUG,330,40,50,90,30,55,65
452,Drapion,POISON,DARK,500,70,90,110,60,75,95
453,Croagunk,POISON,FIGHTING,300,48,61,40,61,40,50
454,Toxicroak,POISON,FIGHTING,490,83,106,65,86,65,85
455,Carnivine,GRASS,,454,74,100,72,90,72,46
456,Finneon,WATER,,330,49,49,56,49,61,66
457,Lumineon,WATER,,460,69,69,76,69,86,91
458,Mantyke,WATER,FLYING,345,45,20,50,60,120,50
459,Snover,GRASS,ICE,334,60,62,50,62,60,40
460,Abomasnow,GRASS,ICE,494,90,92,75,92,85,60
461,Weavile,DARK,ICE,510,70,120,65,45,85,125
462,Magnezone,ELECTRIC,STEEL,535,70,70,115,130,90,60
463,Lickilicky,NORMAL,,515,110,85,95,80,95,50
464,Rhyperior,GROUND,ROCK,535,115,140,130,55,55,40
465,Tangrowth,GRASS,,535,100,100,125,110,50,50
466,Electivire,ELECTRIC,,540,75,123,67,95,85,95
467,Magmortar,FIRE,,540,75,95,67,125,95,83
468,Togekiss,FAIRY,FLYING,545,85,50,95,120,115,80
469,Yanmega,BUG,FLYING,515,86,76,86,116,56,95
470,Leafeon,GRASS,,525,65,110,130,60,65,95
471,Glaceon,ICE,,525,65,60,110,130,95,65
472,Gliscor,GROUND,FLYING,510,75,95,125,45,75,95
473,Mamoswine,ICE,GROUND,530,110,130,80,70,60,80
474,Porygon-Z,NORMAL,,535,85,80,70,135,75,90
475,Gallade,PSYCHIC,FIGHTING,518,68,125,65,65,115,80
476,Probopass,ROCK,STEEL,525,60,55,145,75,150,40
477,Dusknoir,GHOST,,525,45,100,135,65,135,45
478,Froslass,ICE,GHOST,480,70,80,70,80,70,110
479,Rotom,ELECTRIC,GHOST,440,50,50,77,95,77,91
480,Uxie,PSYCHIC,,580,75,75,130,75,130,95
481,Mesprit,PSYCHIC,,580,80,105,105,105,105,80
482,Azelf,PSYCHIC,,580,75,125,70,125,70,115
483,Dialga,STEEL,DRAGON,680,100,120,120,150,100,90
484,Palkia,WATER,DRAGON,680,90,120,100,150,120,100
485,Heatran,FIRE,STEEL,600,91,90,106,130,106,77
486,Regigigas,NORMAL,,670,110,160,110,80,110,100
487,Giratina,GHOST,DRAGON,680,150,100,120,100,120,90
488,Cresselia,PSYCHIC,,580,120,70,110,75,120,85
489,Phione,WATER,,480,80,80,80,80,80,80
490,Manaphy,WATER,,600,100,100,100,100,100,100
491,Darkrai,DARK,,600,70,90,90,135,90,125
492,Shaymin,GRASS,,600,100,100,100,100,100,100
493,Arceus,NORMAL,,720,120,120,120,120,120,120
494,Victini,PSYCHIC,FIRE,600,100,100,100,100,100,100
495,Snivy,GRASS,,308,45,45,55,45,55,63
496,Servine,GRASS,,413,60,60,75,60,75,83
497,Serperior,GRASS,,528,75,75,95,75,95,113
498,Tepig,FIRE,,308,65,63,45,45,45,45
499,Pignite,FIRE,FIGHTING,418,90,93,55,70,55,55
500,Emboar,FIRE,FIGHTING,528,110,123,65,100,65,65
501,Oshawott,WATER,,308,55,55,45,63,45,45
502,Dewott,WATER,,413,75,75,60,83,60,60
503,Samurott,WATER,,528,95,100,85,108,70,70
504,Patrat,NORMAL,,255,45,55,39,35,39,42
505,Watchog,NORMAL,,420,60,85,69,60,69,77
506,Lillipup,NORMAL,,275,45,60,45,25,45,55
507,Herdier,NORMAL,,370,65,80,65,35,65,60
508,Stoutland,NORMAL,,500,85,110,90,45,90,80
509,Purrloin,DARK,,281,41,50,37,50,37,66
510,Liepard,DARK,,446,64,88,50,88,50,106
511,Pansage,GRASS,,316,50,53,48,53,48,64
512,Simisage,GRASS,,498,75,98,63,98,63,101
513,Pansear,FIRE,,316,50,53,48,53,48,64
514,Simisear,FIRE,,498,75,98,63,98,63,101
515,Panpour,WATER,,316,50,53,48,53,48,64
516,Simipour,WATER,,498,75,98,63,98,63,101
517,Munna,PSYCHIC,,292,76,25,45,67,55,24
518,Musharna,PSYCHIC,,487,116,55,85,107,95,29
519,Pidove,NORMAL,FLYING,264,50,55,50,36,30,43
520,Tranquill,NORMAL,FLYING,358,62,77,62,50,42,65
521,Unfezant,NORMAL,FLYING,488,80,115,80,65,55,93
522,Blitzle,ELECTRIC,,295,45,60,32,50,32,76
523,Zebstrika,ELECTRIC,,497,75,100,63,80,63,116
524,Roggenrola,ROCK,,280,55,75,85,25,25,15
525,Boldore,ROCK,,390,70,105,105,50,40,20
526,Gigalith,ROCK,,515,85,135,130,60,80,25
527,Woobat,PSYCHIC,FLYING,323,65,45,43,55,43,72
528,Swoobat,PSYCHIC,FLYING,425,67,57,55,77,55,114
529,Drilbur,GROUND,,328,60,85,40,30,45,68
530,Excadrill,GROUND,STEEL,508,110,135,60,50,65,88
531,Audino,NORMAL,,445,103,60,86,60,86,50
532,Timburr,FIGHTING,,305,75,80,55,25,35,35
533,Gurdurr,FIGHTING,,405,85,105,85,40,50,40
534,Conkeldurr,FIGHTING,,505,105,140,95,55,65,45
535,Tympole,WATER,,294,50,50,40,50,40,64
536,Palpitoad,WATER,GROUND,384,75,65,55,65,55,69
537,Seismitoad,WATER,GROUND,509,105,95,75,85,75,74
538,Throh,FIGHTING,,465,120,100,85,30,85,45
539,Sawk,FIGHTING,,465,75,125,75,30,75,85
540,Sewaddle,BUG,GRASS,310,45,53,70,40,60,42
541,Swadloon,BUG,GRASS,380,55,63,90,50,80,42
542,Leavanny,BUG,GRASS,500,75,103,80,70,80,92
543,Venipede,BUG,POISON,260,30,45,59,30,39,57
544,Whirlipede,BUG,POISON,360,40,55,99,40,79,47
545,Scolipede,BUG,POISON,485,60,100,89,55,69,112
546,Cottonee,GRASS,FAIRY,280,40,27,60,37,50,66
547,Whimsicott,GRASS,FAIRY,480,60,67,85,77,75,116
548,Petilil,GRASS,,280,45,35,50,70,50,30
549,Lilligant,GRASS,,480,70,60,75,110,75,90
550,Basculin,WATER,,460,70,92,65,80,55,98
551,Sandile,GROUND,DARK,292,50,72,35,35,35,65
552,Krokorok,GROUND,DARK,351,60,82,45,45,45,74
553,Krookodile,GROUND,DARK,519,95,117,80,65,70,92
554,Darumaka,FIRE,,315,70,90,45,15,45,50
555,Darmanitan,FIRE,,480,105,140,55,30,55,95
556,Maractus,GRASS,,461,75,86,67,106,67,60
557,Dwebble,BUG,ROCK,325,50,65,85,35,35,55
558,Crustle,BUG,ROCK,485,70,105,125,65,75,45
559,Scraggy,DARK,FIGHTING,348,50,75,70,35,70,48
560,Scrafty,DARK,FIGHTING,488,65,90,115,45,115,58
561,Sigilyph,PSYCHIC,FLYING,490,72,58,80,103,80,97
562,Yamask,GHOST,,303,38,30,85,55,65,30
563,Cofagrigus,GHOST,,483,58,50,145,95,105,30
564,Tirtouga,WATER,ROCK,355,54,78,103,53,45,22
565,Carracosta,WATER,ROCK,495,74,108,133,83,65,32
566,Archen,ROCK,FLYING,401,55,112,45,74,45,70
567,Archeops,ROCK,FLYING,567,75,140,65,112,65,110
568,Trubbish,POISON,,329,50,50,62,40,62,65
569,Garbodor,POISON,,474,80,95,82,60,82,75
570,Zorua,DARK,,330,40,65,40,80,40,65
571,Zoroark,DARK,,510,60,105,60,120,60,105
572,Minccino,NORMAL,,300,55,50,40,40,40,75
573,Cinccino,NORMAL,,470,75,95,60,65,60,115
574,Gothita,PSYCHIC,,290,45,30,50,55,65,45
575,Gothorita,PSYCHIC,,390,60,45,70,75,85,55
576,Gothitelle,PSYCHIC,,490,70,55,95,95,110,65
577,Solosis,PSYCHIC,,290,45,30,40,105,50,20
578,Duosion,PSYCHIC,,370,65,40,50,125,60,30
579,Reuniclus,PSYCHIC,,490,110,65,75,125,85,30
580,Ducklett,WATER,FLYING,305,62,44,50,44,50,55
581,Swanna,WATER,FLYING,473,75,87,63,87,63,98
582,Vanillite,ICE,,305,36,50,50,65,60,44
583,Vanillish,ICE,,395,51,65,65,80,75,59
584,Vanilluxe,ICE,,535,71,95,85,110,95,79
585,Deerling,NORMAL,GRASS,335,60,60,50,40,50,75
586,Sawsbuck,NORMAL,GRASS,475,80,100,70,60,70,95
587,Emolga,ELECTRIC,FLYING,428,55,75,60,75,60,103
588,Karrablast,BUG,,315,50,75,45,40,45,60
589,Escavalier,BUG,STEEL,495,70,135,105,60,105,20
590,Foongus,GRASS,POISON,294,69,55,45,55,55,15
591,Amoonguss,GRASS,POISON,464,114,85,70,85,80,30
592,Frillish,WATER,GHOST,335,55,40,50,65,85,40
593,Jellicent,WATER,GHOST,480,100,60,70,85,105,60
594,Alomomola,WATER,,470,165,75,80,40,45,65
595,Joltik,BUG,ELECTRIC,319,50,47,50,57,50,65
596,Galvantula,BUG,ELECTRIC,472,70,77,60,97,60,108
597,Ferroseed,GRASS,STEEL,305,44,50,91,24,86,10
598,Ferrothorn,GRASS,STEEL,489,74,94,131,54,116,20
599,Klink,STEEL,,300,40,55,70,45,60,30
600,Klang,STEEL,,440,60,80,95,70,85,50
601,Klinklang,STEEL,,520,60,100,115,70,85,90
602,Tynamo,ELECTRIC,,275,35,55,40,45,40,60
603,Eelektrik,ELECTRIC,,405,65,85,70,75,70,40
604,Eelektross,ELECTRIC,,515,85,115,80,105,80,50
605,Elgyem,PSYCHIC,,335,55,55,55,85,55,30
606,Beheeyem,PSYCHIC,,485,75,75,75,125,95,40
607,Litwick,GHOST,FIRE,275,50,30,55,65,55,20
608,Lampent,GHOST,FIRE,370,60,40,60,95,60,55
609,Chandelure,GHOST,FIRE,520,60,55,90,145,90,80
610,Axew,DRAGON,,320,46,87,60,30,40,57
611,Fraxure,DRAGON,,410,66,117,70,40,50,67
612,Haxorus,DRAGON,,540,76,147,90,60,70,97
613,Cubchoo,ICE,,305,55,70,40,60,40,40
614,Beartic,ICE,,505,95,130,80,70,80,50
615,Cryogonal,ICE,,515,80,50,50,95,135,105
616,Shelmet,BUG,,305,50,40,85,40,65,25
617,Accelgor,BUG,,495,80,70,40,100,60,145
618,Stunfisk,GROUND,ELECTRIC,471,109,66,84,81,99,32
619,Mienfoo,FIGHTING,,350,45,85,50,55,50,65
620,Mienshao,FIGHTING,,510,65,125,60,95,60,105
621,Druddigon,DRAGON,,485,77,120,90,60,90,48
622,Golett,GROUND,GHOST,303,59,74,50,35,50,35
623,Golurk,GROUND,GHOST,483,89,124,80,55,80,55
624,Pawniard,DARK,STEEL,340,45,85,70,40,40,60
625,Bisharp,DARK,STEEL,490,65,125,100,60,70,70
626,Bouffalant,NORMAL,,490,95,110,95,40,95,55
627,Rufflet,NORMAL,FLYING,350,70,83,50,37,50,60
628,Braviary,NORMAL,FLYING,510,100,123,75,57,75,80
629,Vullaby,DARK,FLYING,370,70,55,75,45,65,60
630,Mandibuzz,DARK,FLYING,510,110,65,105,55,95,80
631,Heatmor,FIRE,,484,85,97,66,105,66,65
632,Durant,BUG,STEEL,484,58,109,112,48,48,109
633,Deino,DARK,DRAGON,300,52,65,50,45,50,38
634,Zweilous,DARK,DRAGON,420,72,85,70,65,70,58
635,Hydreigon,DARK,DRAGON,600,92,105,90,125,90,98
636,Larvesta,BUG,FIRE,360,55,85,55,50,55,60
637,Volcarona,BUG,FIRE,550,85,60,65,135,105,100
638,Cobalion,STEEL,FIGHTING,580,91,90,129,90,72,108
639,Terrakion,ROCK,FIGHTING,580,91,129,90,72,90,108
640,Virizion,GRASS,FIGHTING,580,91,90,72,90,129,108
641,Tornadus,FLYING,,580,79,115,70,125,80,111
642,Thundurus,ELECTRIC,FLYING,580,79,115,70,125,80,111
643,Reshiram,DRAGON,FIRE,680,100,120,100,150,120,90
644,Zekrom,DRAGON,ELECTRIC,680,100,150,120,120,100,90
645,Landorus,GROUND,FLYING,600,89,125,90,115,80,101
646,Kyurem,DRAGON,ICE,660,125,130,90,130,90,95
647,Keldeo,WATER,FIGHTING,580,91,72,90,129,90,108
648,Meloetta,NORMAL,PSYCHIC,600,100,77,77,128,128,90
649,Genesect,BUG,STEEL,600,71,120,95,120,95,99
650,Chespin,GRASS,,313,56,61,65,48,45,38
651,Quilladin,GRASS,,405,61,78,95,56,58,57
652,Chesnaught,GRASS,FIGHTING,530,88,107,122,74,75,64
653,Fennekin,FIRE,,307,40,45,40,62,60,60
654,Braixen,FIRE,,409,59,59,58,90,70,73
655,Delphox,FIRE,PSYCHIC,534,75,69,72,114,100,104
656,Froakie,WATER,,314,41,56,40,62,44,71
657,Frogadier,WATER,,405,54,63,52,83,56,97
658,Greninja,WATER,DARK,530,72,95,67,103,71,122
659,Bunnelby,NORMAL,,237,38,36,38,32,36,57
660,Diggersby,NORMAL,GROUND,423,85,56,77,50,77,78
661,Fletchling,NORMAL,FLYING,278,45,50,43,40,38,62
662,Fletchinder,FIRE,FLYING,382,62,73,55,56,52,84
663,Talonflame,FIRE,FLYING,499,78,81,71,74,69,126
664,Scatterbug,BUG,,200,38,35,40,27,25,35
665,Spewpa,BUG,,213,45,22,60,27,30,29
666,Vivillon,BUG,FLYING,411,80,52,50,90,50,89
667,Litleo,FIRE,NORMAL,369,62,50,58,73,54,72
668,Pyroar,FIRE,NORMAL,507,86,68,72,109,66,106
669,Flabébé,FAIRY,,303,44,38,39,61,79,42
670,Floette,FAIRY,,371,54,45,47,75,98,52
671,Florges,FAIRY,,552,78,65,68,112,154,75
672,Skiddo,GRASS,,350,66,65,48,62,57,52
673,Gogoat,GRASS,,531,123,100,62,97,81,68
674,Pancham,FIGHTING,,348,67,82,62,46,48,43
675,Pangoro,FIGHTING,DARK,495,95,124,78,69,71,58
676,Furfrou,NORMAL,,472,75,80,60,65,90,102
677,Espurr,PSYCHIC,,355,62,48,54,63,60,68
678,Meowstic,PSYCHIC,,466,74,48,76,83,81,104
679,Honedge,STEEL,GHOST,325,45,80,100,35,37,28
680,Doublade,STEEL,GHOST,448,59,110,150,45,49,35
681,Aegislash,STEEL,GHOST,500,60,50,140,50,140,60
682,Spritzee,FAIRY,,341,78,52,60,63,65,23
683,Aromatisse,FAIRY,,462,101,72,72,99,89,29
684,Swirlix,FAIRY,,341,62,48,66,59,57,49
685,Slurpuff,FAIRY,,480,82,80,86,85,75,72
686,Inkay,DARK,PSYCHIC,288,53,54,53,37,46,45
687,Malamar,DARK,PSYCHIC,482,86,92,88,68,75,73
688,Binacle,ROCK,WATER,306,42,52,67,39,56,50
689,Barbaracle,ROCK,WATER,500,72,105,115,54,86,68
690,Skrelp,POISON,WATER,320,50,60,60,60,60,30
691,Dragalge,POISON,DRAGON,494,65,75,90,97,123,44
692,Clauncher,WATER,,330,50,53,62,58,63,44
693,Clawitzer,WATER,,500,71,73,88,120,89,59
694,Helioptile,ELECTRIC,NORMAL,289,44,38,33,61,43,70
695,Heliolisk,ELECTRIC,NORMAL,481,62,55,52,109,94,109
696,Tyrunt,ROCK,DRAGON,362,58,89,77,45,45,48
697,Tyrantrum,ROCK,DRAGON,521,82,121,119,69,59,71
698,Amaura,ROCK,ICE,362,77,59,50,67,63,46
699,Aurorus,ROCK,ICE,521,123,77,72,99,92,58
700,Sylveon,FAIRY,,525,95,65,65,110,130,60
701,Hawlucha,FIGHTING,FLYING,500,78,92,75,74,63,118
702,Dedenne,ELECTRIC,FAIRY,431,67,58,57,81,67,101
703,Carbink,ROCK,FAIRY,500,50,50,150,50,150,50
704,Goomy,DRAGON,,300,45,50,35,55,75,40
705,Sliggoo,DRAGON,,452,68,75,53,83,113,60
706,Goodra,DRAGON,,600,90,100,70,110,150,80
707,Klefki,STEEL,FAIRY,470,57,80,91,80,87,75
708,Phantump,GHOST,GRASS,309,43,70,48,50,60,38
709,Trevenant,GHOST,GRASS,474,85,110,76,65,82,56
710,Pumpkaboo,GHOST,GRASS,335,49,66,70,44,55,51
711,Gourgeist,GHOST,GRASS,494,65,90,122,58,75,84
712,Bergmite,ICE,,304,55,69,85,32,35,28
713,Avalugg,ICE,,514,95,117,184,44,46,28
714,Noibat,FLYING,DRAGON,245,40,30,35,45,40,55
715,Noivern,FLYING,DRAGON,535,85,70,80,97,80,123
716,Xerneas,FAIRY,,680,126,131,95,131,98,99
717,Yveltal,DARK,FLYING,680,126,131,95,131,98,99
718,Zygarde,DRAGON,GROUND,600,108,100,121,81,95,95
719,Diancie,ROCK,FAIRY,600,50,100,150,100,150,50
720,Hoopa,PSYCHIC,GHOST,600,80,110,60,150,130,70
721,Volcanion,FIRE,WATER,600,80,110,120,130,90,70
722,Rowlet,GRASS,FLYING,320,68,55,55,50,50,42
723,Dartrix,GRASS,FLYING,420,78,75,75,70,70,52
724,Decidueye,GRASS,GHOST,530,78,107,75,100,100,70
725,Litten,FIRE,,320,45,65,40,60,40,70
726,Torracat,FIRE,,420,65,85,50,80,50,90
727,Incineroar,FIRE,DARK,530,95,115,90,80,90,60
728,Popplio,WATER,,320,50,54,54,66,56,40
729,Brionne,WATER,,420,60,69,69,91,81,50
730,Primarina,WATER,FAIRY,530,80,74,74,126,116,60
731,Pikipek,NORMAL,FLYING,265,35,75,30,30,30,65
732,Trumbeak,NORMAL,FLYING,355,55,85,50,40,50,75
733,Toucannon,NORMAL,FLYING,485,80,120,75,75,75,60
734,Yungoos,NORMAL,,253,48,70,30,30,30,45
735,Gumshoos,NORMAL,,418,88,110,60,55,60,45
736,Grubbin,BUG,,300,47,62,45,55,45,46
737,Charjabug,BUG,ELECTRIC,400,57,82,95,55,75,36
738,Vikavolt,BUG,ELECTRIC,500,77,70,90,145,75,43
739,Crabrawler,FIGHTING,,338,47,82,57,42,47,63
740,Crabominable,FIGHTING,ICE,478,97,132,77,62,67,43
741,Oricorio,FIRE,FLYING,476,75,70,70,98,70,93
742,Cutiefly,BUG,FAIRY,304,40,45,40,55,40,84
743,Ribombee,BUG,FAIRY,464,60,55,60,95,70,124
744,Rockruff,ROCK,,280,45,65,40,30,40,60
745,Lycanroc,ROCK,,487,75,115,65,55,65,112
746,Wishiwashi,WATER,,175,45,20,20,25,25,40
747,Mareanie,POISON,WATER,305,50,53,62,43,52,45
748,Toxapex,POISON,WATER,495,50,63,152,53,142,35
749,Mudbray,GROUND,,385,70,100,70,45,55,45
750,Mudsdale,GROUND,,500,100,125,100,55,85,35
751,Dewpider,WATER,BUG,269,38,40,52,40,72,27
752,Araquanid,WATER,BUG,454,68,70,92,50,132,42
753,Fomantis,GRASS,,250,40,55,35,50,35,35
754,Lurantis,GRASS,,480,70,105,90,80,90,45
755,Morelull,GRASS,FAIRY,285,40,35,55,65,75,15
756,Shiinotic,GRASS,FAIRY,405,60,45,80,90,100,30
757,Salandit,POISON,FIRE,320,48,44,40,71,40,77
758,Salazzle,POISON,FIRE,480,68,64,60,111,60,117
759,Stufful,NORMAL,FIGHTING,340,70,75,50,45,50,50
760,Bewear,NORMAL,FIGHTING,500,120,125,80,55,60,60
761,Bounsweet,GRASS,,210,42,30,38,30,38,32
762,Steenee,GRASS,,290,52,40,48,40,48,62
763,Tsareena,GRASS,,510,72,120,98,50,98,72
764,Comfey,FAIRY,,485,51,52,90,82,110,100
765,Oranguru,NORMAL,PSYCHIC,490,90,60,80,90,110,60
766,Passimian,FIGHTING,,490,100,120,90,40,60,80
767,Wimpod,BUG,WATER,230,25,35,40,20,30,80
768,Golisopod,BUG,WATER,530,75,125,140,60,90,40
769,Sandygast,GHOST,GROUND,320,55,55,80,70,45,15
770,Palossand,GHOST,GROUND,480,85,75,110,100,75,35
771,Pyukumuku,WATER,,410,55,60,130,30,130,5
772,Type: Null,NORMAL,,534,95,95,95,95,95,59
773,Silvally,NORMAL,,570,95,95,95,95,95,95
774,Minior,ROCK,FLYING,440,60,60,100,60,100,60
775,Komala,NORMAL,,480,65,115,65,75,95,65
776,Turtonator,FIRE,DRAGON,485,60,78,135,91,85,36
777,Togedemaru,ELECTRIC,STEEL,435,65,98,63,40,73,96
778,Mimikyu,GHOST,FAIRY,476,55,90,80,50,105,96
779,Bruxish,WATER,PSYCHIC,475,68,105,70,70,70,92
780,Drampa,NORMAL,DRAGON,485,78,60,85,135,91,36
781,Dhelmise,GHOST,GRASS,517,70,131,100,86,90,40
782,Jangmo-o,DRAGON,,300,45,55,65,45,45,45
783,Hakamo-o,DRAGON,FIGHTING,420,55,75,90,65,70,65
784,Kommo-o,DRAGON,FIGHTING,600,75,110,125,100,105,85
785,Tapu Koko,ELECTRIC,FAIRY,570,70,115,85,95,75,130
786,Tapu Lele,PSYCHIC,FAIRY,570,70,85,75,130,115,95
787,Tapu Bulu,GRASS,FAIRY,570,70,130,115,85,95,75
788,Tapu Fini,WATER,FAIRY,570,70,75,115,95,130,85
789,Cosmog,PSYCHIC,,200,43,29,31,29,31,37
790,Cosmoem,PSYCHIC,,400,43,29,131,29,131,37
791,Solgaleo,PSYCHIC,STEEL,680,137,137,107,113,89,97
792,Lunala,PSYCHIC,GHOST,680,137,113,89,137,107,97
793,Nihilego,ROCK,POISON,570,109,53,47,127,131,103
794,Buzzwole,BUG,FIGHTING,570,107,139,139,53,53,79
795,Pheromosa,BUG,FIGHTING,570,71,137,37,137,37,151
796,Xurkitree,ELECTRIC,,570,83,89,71,173,71,83
797,Celesteela,STEEL,FLYING,570,97,101,103,107,101,61
798,Kartana,GRASS,STEEL,570,59,181,131,59,31,109
799,Guzzlord,DARK,DRAGON,570,223,101,53,97,53,43
800,Necrozma,PSYCHIC,,600,97,107,101,127,89,79
801,Magearna,STEEL,FAIRY,600,80,95,115,130,115,65
802,Marshadow,FIGHTING,GHOST,600,90,125,80,90,90,125
803,Poipole,POISON,,420,67,73,67,73,67,73
804,Naganadel,POISON,DRAGON,540,73,73,73,127,73,121
805,Stakataka,ROCK,STEEL,570,61,131,211,53,101,13
806,Blacephalon,FIRE,GHOST,570,53,127,53,151,79,107
807,Zeraora,ELECTRIC,,600,88,112,75,102,80,143
808,Meltan,STEEL,,300,46,65,65,55,35,34
809,Melmetal,STEEL,,600,135,143,143,80,65,34
810,Grookey,GRASS,,310,50,65,50,40,40,65
811,Thwackey,GRASS,,420,70,85,70,55,60,80
812,Rillaboom,GRASS,,530,100,125,90,60,70,85
813,Scorbunny,FIRE,,310,50,71,40,40,40,69
814,Raboot,FIRE,,420,65,86,60,55,60,94
815,Cinderace,FIRE,,530,80,116,75,65,75,119
816,Sobble,WATER,,310,50,40,40,70,40,70
817,Drizzile,WATER,,420,65,60,55,95,55,90
818,Inteleon,WATER,,530,70,85,65,125,65,120
819,Skwovet,NORMAL,,275,70,55,55,35,35,25
820,Greedent,NORMAL,,460,120,95,95,55,75,20
821,Rookidee,FLYING,,245,38,47,35,33,35,57
822,Corvisquire,FLYING,,365,68,67,55,43,55,77
823,Corviknight,FLYING,STEEL,495,98,87,105,53,85,67
824,Blipbug,BUG,,180,25,20,20,25,45,45
825,Dottler,BUG,PSYCHIC,335,50,35,80,50,90,30
826,Orbeetle,BUG,PSYCHIC,505,60,45,110,80,120,90
827,Nickit,DARK,,245,40,28,28,47,52,50
828,Thievul,DARK,,455,70,58,58,87,92,90
829,Gossifleur,GRASS,,250,40,40,60,40,60,10
830,Eldegoss,GRASS,,460,60,50,90,80,120,60
831,Wooloo,NORMAL,,270,42,40,55,40,45,48
832,Dubwool,NORMAL,,490,72,80,100,60,90,88
833,Chewtle,WATER,,284,50,64,50,38,38,44
834,Drednaw,WATER,ROCK,485,90,115,90,48,68,74
835,Yamper,ELECTRIC,,270,59,45,50,40,50,26
836,Boltund,ELECTRIC,,490,69,90,60,90,60,121
837,Rolycoly,ROCK,,240,30,40,50,40,50,30
838,Carkol,ROCK,FIRE,410,80,60,90,60,70,50
839,Coalossal,ROCK,FIRE,510,110,80,120,80,90,30
840,Applin,GRASS,DRAGON,260,40,40,80,40,40,20
841,Flapple,GRASS,DRAGON,485,70,110,80,95,60,70
842,Appletun,GRASS,DRAGON,485,110,85,80,100,80,30
843,Silicobra,GROUND,,315,52,57,75,35,50,46
844,Sandaconda,GROUND,,510,72,107,125,65,70,71
845,Cramorant,FLYING,WATER,475,70,85,55,85,95,85
846,Arrokuda,WATER,,280,41,63,40,40,30,66
847,Barraskewda,WATER,,490,61,123,60,60,50,136
848,Toxel,ELECTRIC,POISON,242,40,38,35,54,35,40
849,Toxtricity,ELECTRIC,POISON,502,75,98,70,114,70,75
850,Sizzlipede,FIRE,BUG,305,50,65,45,50,50,45
851,Centiskorch,FIRE,BUG,525,100,115,65,90,90,65
852,Clobbopus,FIGHTING,,310,50,68,60,50,50,32
853,Grapploct,FIGHTING,,480,80,118,90,70,80,42
854,Sinistea,GHOST,,308,40,45,45,74,54,50
855,Polteageist,GHOST,,508,60,65,65,134,114,70
856,Hatenna,PSYCHIC,,265,42,30,45,56,53,39
857,Hattrem,PSYCHIC,,370,57,40,65,86,73,49
858,Hatterene,PSYCHIC,FAIRY,510,57,90,95,136,103,29
859,Impidimp,DARK,FAIRY,265,45,45,30,55,40,50
860,Morgrem,DARK,FAIRY,370,65,60,45,75,55,70
861,Grimmsnarl,DARK,FAIRY,510,95,120,65,95,75,60
862,Obstagoon,DARK,NORMAL,520,93,90,101,60,81,95
863,Perrserker,STEEL,,440,70,110,100,50,60,50
864,Cursola,GHOST,,510,60,95,50,145,130,30
865,Sirfetch'd,FIGHTING,,507,62,135,95,68,82,65
866,Mr. Rime,ICE,PSYCHIC,520,80,85,75,110,100,70
867,Runerigus,GROUND,GHOST,483,58,95,145,50,105,30
868,Milcery,FAIRY,,270,45,40,40,50,61,34
869,Alcremie,FAIRY,,495,65,60,75,110,121,64
870,Falinks,FIGHTING,,470,65,100,100,70,60,75
871,Pincurchin,ELECTRIC,,435,48,101,95,91,85,15
872,Snom,ICE,BUG,185,30,25,35,45,30,20
873,Frosmoth,ICE,BUG,475,70,65,60,125,90,65
874,Stonjourner,ROCK,,470,100,125,135,20,20,70
875,Eiscue,ICE,,470,75,80,110,65,90,50
876,Indeedee,PSYCHIC,NORMAL,475,60,65,55,105,95,95
877,Morpeko,ELECTRIC,DARK,436,58,95,58,70,58,97
878,Cufant,STEEL,,330,72,80,49,40,49,40
879,Copperajah,STEEL,,500,122,130,69,80,69,30
880,Dracozolt,ELECTRIC,DRAGON,505,90,100,90,80,70,75
881,Arctozolt,ELECTRIC,ICE,505,90,100,90,90,80,55
882,Dracovish,WATER,DRAGON,505,90,90,100,70,80,75
883,Arctovish,WATER,ICE,505,90,90,100,80,90,55
884,Duraludon,STEEL,DRAGON,535,70,95,115,120,50,85
885,Dreepy,DRAGON,GHOST,270,28,60,30,40,30,82
886,Drakloak,DRAGON,GHOST,410,68,80,50,60,50,102
887,Dragapult,DRAGON,GHOST,600,88,120,75,100,75,142
888,Zacian,FAIRY,,660,92,120,115,80,115,138
889,Zamazenta,FIGHTING,,660,92,120,115,80,115,138
890,Eternatus,POISON,DRAGON,690,140,85,95,145,95,130
891,Kubfu,FIGHTING,,385,60,90,60,53,50,72
892,Urshifu,FIGHTING,DARK,550,100,130,100,63,60,97
893,Zarude,DARK,GRASS,600,105,120,105,70,95,105
894,Regieleki,ELECTRIC,,580,80,100,50,100,50,200
895,Regidrago,DRAGON,,580,200,100,50,100,50,80
896,Glastrier,ICE,,580,100,145,130,65,110,30
897,Spectrier,GHOST,,580,100,65,60,145,80,130
898,Calyrex,PSYCHIC,GRASS,500,100,80,80,80,80,80
899,Wyrdeer,NORMAL,PSYCHIC,525,103,105,72,105,75,65
900,Kleavor,BUG,ROCK,500,70,135,95,45,70,85
901,Ursaluna,GROUND,NORMAL,550,130,140,105,45,80,50
902,Basculegion,WATER,GHOST,530,120,112,65,80,75,78
903,Sneasler,FIGHTING,POISON,510,80,130,60,40,80,120
904,Overqwil,DARK,POISON,510,85,115,95,65,65,85
905,Enamorus,FAIRY,FLYING,580,74,115,70,135,80,106
906,Sprigatito,GRASS,,310,40,61,54,45,45,65
907,Floragato,GRASS,,410,61,80,63,60,63,83
908,Meowscarada,GRASS,DARK,530,76,110,70,81,70,123
909,Fuecoco,FIRE,,310,67,45,59,63,40,36
910,Crocalor,FIRE,,411,81,55,78,90,58,49
911,Skeledirge,FIRE,GHOST,530,104,75,100,110,75,66
912,Quaxly,WATER,,310,55,65,45,50,45,50
913,Quaxwell,WATER,,410,70,85,65,65,60,65
914,Quaquaval,WATER,FIGHTING,530,85,120,80,85,75,85
915,Lechonk,NORMAL,,254,54,45,40,35,45,35
916,Oinkologne,NORMAL,,489,110,100,75,59,80,65
917,Tarountula,BUG,,210,35,41,45,29,40,20
918,Spidops,BUG,,404,60,79,92,52,86,35
919,Nymble,BUG,,210,33,46,40,21,25,45
920,Lokix,BUG,DARK,450,71,102,78,52,55,92
921,Pawmi,ELECTRIC,,240,45,50,20,40,25,60
922,Pawmo,ELECTRIC,FIGHTING,350,60,75,40,50,40,85
923,Pawmot,ELECTRIC,FIGHTING,490,70,115,70,70,60,105
924,Tandemaus,NORMAL,,305,50,50,45,40,45,75
925,Maushold,NORMAL,,470,74,75,70,65,75,111
926,Fidough,FAIRY,,312,37,55,70,30,55,65
927,Dachsbun,FAIRY,,477,57,80,115,50,80,95
928,Smoliv,GRASS,NORMAL,260,41,35,45,58,51,30
929,Dolliv,GRASS,NORMAL,354,52,53,60,78,78,33
930,Arboliva,GRASS,NORMAL,510,78,69,90,125,109,39
931,Squawkabilly,NORMAL,FLYING,417,82,96,51,45,51,92
932,Nacli,ROCK,,280,55,55,75,35,35,25
933,Naclstack,ROCK,,355,60,60,100,35,65,35
934,Garganacl,ROCK,,500,100,100,130,45,90,35
935,Charcadet,FIRE,,255,40,50,40,50,40,35
936,Armarouge,FIRE,PSYCHIC,525,85,60,100,125,80,75
937,Ceruledge,FIRE,GHOST,525,75,125,80,60,100,85
938,Tadbulb,ELECTRIC,,272,61,31,41,59,35,45
939,Bellibolt,ELECTRIC,,495,109,64,91,103,83,45
940,Wattrel,ELECTRIC,FLYING,280,40,40,35,55,40,70
941,Kilowattrel,ELECTRIC,FLYING,490,70,70,60,105,60,125
942,Maschiff,DARK,,340,60,78,60,40,51,51
943,Mabosstiff,DARK,,505,80,120,90,60,70,85
944,Shroodle,POISON,NORMAL,290,40,65,35,40,35,75
945,Grafaiai,POISON,NORMAL,485,63,95,65,80,72,110
946,Bramblin,GRASS,GHOST,275,40,65,30,45,35,60
947,Brambleghast,GRASS,GHOST,480,55,115,70,80,70,90
948,Toedscool,GROUND,GRASS,335,40,40,35,50,100,70
949,Toedscruel,GROUND,GRASS,515,80,70,65,80,120,100
950,Klawf,ROCK,,450,70,100,115,35,55,75
951,Capsakid,GRASS,,304,50,62,40,62,40,50
952,Scovillain,GRASS,FIRE,486,65,108,65,108,65,75
953,Rellor,BUG,,270,41,50,60,31,58,30
954,Rabsca,BUG,PSYCHIC,470,75,50,85,115,100,45
955,Flittle,PSYCHIC,,255,30,35,30,55,30,75
956,Espathra,PSYCHIC,,481,95,60,60,101,60,105
957,Tinkatink,FAIRY,STEEL,297,50,45,45,35,64,58
958,Tinkatuff,FAIRY,STEEL,380,65,55,55,45,82,78
959,Tinkaton,FAIRY,STEEL,506,85,75,77,70,105,94
960,Wiglett,WATER,,245,10,55,25,35,25,95
961,Wugtrio,WATER,,425,35,100,50,50,70,120
962,Bombirdier,FLYING,DARK,485,70,103,85,60,85,82
963,Finizen,WATER,,315,70,45,40,45,40,75
964,Palafin,WATER,,457,100,70,72,53,62,100
965,Varoom,STEEL,POISON,300,45,70,63,30,45,47
966,Revavroom,STEEL,POISON,500,80,119,90,54,67,90
967,Cyclizar,DRAGON,NORMAL,501,70,95,65,85,65,121
968,Orthworm,STEEL,,480,70,85,145,60,55,65
969,Glimmet,ROCK,POISON,350,48,35,42,105,60,60
970,Glimmora,ROCK,POISON,525,83,55,90,130,81,86
971,Greavard,GHOST,,290,50,61,60,30,55,34
972,Houndstone,GHOST,,488,72,101,100,50,97,68
973,Flamigo,FLYING,FIGHTING,500,82,115,74,75,64,90
974,Cetoddle,ICE,,334,108,68,45,30,40,43
975,Cetitan,ICE,,521,170,113,65,45,55,73
976,Veluza,WATER,PSYCHIC,478,90,102,73,78,65,70
977,Dondozo,WATER,,530,150,100,115,65,65,35
978,Tatsugiri,DRAGON,WATER,475,68,50,60,120,95,82
979,Annihilape,FIGHTING,GHOST,535,110,115,80,50,90,90
980,Clodsire,POISON,GROUND,430,130,75,60,45,100,20
981,Farigiraf,NORMAL,PSYCHIC,520,120,90,70,110,70,60
982,Dudunsparce,NORMAL,,520,125,100,80,85,75,55
983,Kingambit,DARK,STEEL,550,100,135,120,60,85,50
984,Great Tusk,GROUND,FIGHTING,570,115,131,131,53,53,87
985,Scream Tail,FAIRY,PSYCHIC,570,115,65,99,65,115,111
986,Brute Bonnet,GRASS,DARK,570,111,127,99,79,99,55
987,Flutter Mane,GHOST,FAIRY,570,55,55,55,135,135,135
988,Slither Wing,BUG,FIGHTING,570,85,135,79,85,105,81
989,Sandy Shocks,ELECTRIC,GROUND,570,85,81,97,121,85,101
990,Iron Treads,GROUND,STEEL,570,90,112,120,72,70,106
991,Iron Bundle,ICE,WATER,570,56,80,114,124,60,136
992,Iron Hands,FIGHTING,ELECTRIC,570,154,140,108,50,68,50
993,Iron Jugulis,DARK,FLYING,570,94,80,86,122,80,108
994,Iron Moth,FIRE,POISON,570,80,70,60,140,110,110
995,Iron Thorns,ROCK,ELECTRIC,570,100,134,110,70,84,72
996,Frigibax,DRAGON,ICE,320,65,75,45,35,45,55
997,Arctibax,DRAGON,ICE,423,90,95,66,45,65,62
998,Baxcalibur,DRAGON,ICE,600,115,145,92,75,86,87
999,Gimmighoul,GHOST,,300,45,30,70,75,70,10
1000,Gholdengo,STEEL,GHOST,550,87,60,95,133,91,84
1001,Wo-Chien,DARK,GRASS,570,85,85,100,95,135,70
1002,Chien-Pao,DARK,ICE,570,80,120,80,90,65,135
1003,Ting-Lu,DARK,GROUND,570,155,110,125,55,80,45
1004,Chi-Yu,DARK,FIRE,570,55,80,80,135,120,100
1005,Roaring Moon,DRAGON,DARK,590,105,139,71,55,101,119
1006,Iron Valiant,FAIRY,FIGHTING,590,74,130,90,120,60,116
1007,Koraidon,FIGHTING,DRAGON,670,100,135,115,85,100,135
1008,Miraidon,ELECTRIC,DRAGON,670,100,85,100,135,115,135
1009,Walking Wake,WATER,DRAGON,590,99,83,91,125,83,109
1010,Iron Leaves,GRASS,PSYCHIC,590,90,130,88,70,108,104
